nr,type,resnr,residue,atom,cgnr,charge,mass,epsilon,radius
1.0,CH3,1.0,PAHb,C1,1.0,0.0,15.035,3.468601372448824,0.42068962343500255
2.0,CH1,1.0,PAHb,C2,1.0,0.0,13.019,0.3795573184374758,0.5633841054344606
3.0,C,1.0,PAHb,CA,2.0,0.33,12.011,1.1096227362807893,0.40197378340715373
4.0,O,1.0,PAHb,O1,2.0,-0.45,15.9994,5.1164340885529604,0.3098068746885805
5.0,OA,1.0,PAHb,O2,2.0,-0.288,15.9994,3.398429448089648,0.33166978165716365
6.0,H,1.0,PAHb,HA,2.0,0.408,1.008,0.0,0.0
7.0,CH2,2.0,PAAH,C1,3.0,0.0,14.027,1.6421694243145935,0.4568848523937817
8.0,CH1,2.0,PAAH,C2,3.0,0.0,13.019,0.3795573184374758,0.5633841054344606
9.0,C,2.0,PAAH,CA,4.0,0.33,12.011,1.1096227362807893,0.40197378340715373
10.0,O,2.0,PAAH,O1,4.0,-0.45,15.9994,5.1164340885529604,0.3098068746885805
11.0,OA,2.0,PAAH,O2,4.0,-0.288,15.9994,3.398429448089648,0.33166978165716365
12.0,H,2.0,PAAH,HA,4.0,0.408,1.008,0.0,0.0
13.0,CH2,3.0,PAAH,C1,5.0,0.0,14.027,1.6421694243145935,0.4568848523937817
14.0,CH1,3.0,PAAH,C2,5.0,0.0,13.019,0.3795573184374758,0.5633841054344606
15.0,C,3.0,PAAH,CA,6.0,0.33,12.011,1.1096227362807893,0.40197378340715373
16.0,O,3.0,PAAH,O1,6.0,-0.45,15.9994,5.1164340885529604,0.3098068746885805
17.0,OA,3.0,PAAH,O2,6.0,-0.288,15.9994,3.398429448089648,0.33166978165716365
18.0,H,3.0,PAAH,HA,6.0,0.408,1.008,0.0,0.0
19.0,CH2,4.0,PAAH,C1,7.0,0.0,14.027,1.6421694243145935,0.4568848523937817
20.0,CH1,4.0,PAAH,C2,7.0,0.0,13.019,0.3795573184374758,0.5633841054344606
21.0,C,4.0,PAAH,CA,8.0,0.33,12.011,1.1096227362807893,0.40197378340715373
22.0,O,4.0,PAAH,O1,8.0,-0.45,15.9994,5.1164340885529604,0.3098068746885805
23.0,OA,4.0,PAAH,O2,8.0,-0.288,15.9994,3.398429448089648,0.33166978165716365
24.0,H,4.0,PAAH,HA,8.0,0.408,1.008,0.0,0.0
25.0,CH2,5.0,PAAH,C1,9.0,0.0,14.027,1.6421694243145935,0.4568848523937817
26.0,CH1,5.0,PAAH,C2,9.0,0.0,13.019,0.3795573184374758,0.5633841054344606
27.0,C,5.0,PAAH,CA,10.0,0.33,12.011,1.1096227362807893,0.40197378340715373
28.0,O,5.0,PAAH,O1,10.0,-0.45,15.9994,5.1164340885529604,0.3098068746885805
29.0,OA,5.0,PAAH,O2,10.0,-0.288,15.9994,3.398429448089648,0.33166978165716365
30.0,H,5.0,PAAH,HA,10.0,0.408,1.008,0.0,0.0
31.0,CH2,6.0,PAAH,C1,11.0,0.0,14.027,1.6421694243145935,0.4568848523937817
32.0,CH1,6.0,PAAH,C2,11.0,0.0,13.019,0.3795573184374758,0.5633841054344606
33.0,C,6.0,PAAH,CA,12.0,0.33,12.011,1.1096227362807893,0.40197378340715373
34.0,O,6.0,PAAH,O1,12.0,-0.45,15.9994,5.1164340885529604,0.3098068746885805
35.0,OA,6.0,PAAH,O2,12.0,-0.288,15.9994,3.398429448089648,0.33166978165716365
36.0,H,6.0,PAAH,HA,12.0,0.408,1.008,0.0,0.0
37.0,CH2,7.0,PAAH,C1,13.0,0.0,14.027,1.6421694243145935,0.4568848523937817
38.0,CH1,7.0,PAAH,C2,13.0,0.0,13.019,0.3795573184374758,0.5633841054344606
39.0,C,7.0,PAAH,CA,14.0,0.33,12.011,1.1096227362807893,0.40197378340715373
40.0,O,7.0,PAAH,O1,14.0,-0.45,15.9994,5.1164340885529604,0.3098068746885805
41.0,OA,7.0,PAAH,O2,14.0,-0.288,15.9994,3.398429448089648,0.33166978165716365
42.0,H,7.0,PAAH,HA,14.0,0.408,1.008,0.0,0.0
43.0,CH2,8.0,PAAH,C1,15.0,0.0,14.027,1.6421694243145935,0.4568848523937817
44.0,CH1,8.0,PAAH,C2,15.0,0.0,13.019,0.3795573184374758,0.5633841054344606
45.0,C,8.0,PAAH,CA,16.0,0.33,12.011,1.1096227362807893,0.40197378340715373
46.0,O,8.0,PAAH,O1,16.0,-0.45,15.9994,5.1164340885529604,0.3098068746885805
47.0,OA,8.0,PAAH,O2,16.0,-0.288,15.9994,3.398429448089648,0.33166978165716365
48.0,H,8.0,PAAH,HA,16.0,0.408,1.008,0.0,0.0
49.0,CH2,9.0,PAAH,C1,17.0,0.0,14.027,1.6421694243145935,0.4568848523937817
50.0,CH1,9.0,PAAH,C2,17.0,0.0,13.019,0.3795573184374758,0.5633841054344606
51.0,C,9.0,PAAH,CA,18.0,0.33,12.011,1.1096227362807893,0.40197378340715373
52.0,O,9.0,PAAH,O1,18.0,-0.45,15.9994,5.1164340885529604,0.3098068746885805
53.0,OA,9.0,PAAH,O2,18.0,-0.288,15.9994,3.398429448089648,0.33166978165716365
54.0,H,9.0,PAAH,HA,18.0,0.408,1.008,0.0,0.0
55.0,CH2,10.0,PAAH,C1,19.0,0.0,14.027,1.6421694243145935,0.4568848523937817
56.0,CH1,10.0,PAAH,C2,19.0,0.0,13.019,0.3795573184374758,0.5633841054344606
57.0,C,10.0,PAAH,CA,20.0,0.33,12.011,1.1096227362807893,0.40197378340715373
58.0,O,10.0,PAAH,O1,20.0,-0.45,15.9994,5.1164340885529604,0.3098068746885805
59.0,OA,10.0,PAAH,O2,20.0,-0.288,15.9994,3.398429448089648,0.33166978165716365
60.0,H,10.0,PAAH,HA,20.0,0.408,1.008,0.0,0.0
61.0,CH2,11.0,PAAH,C1,21.0,0.0,14.027,1.6421694243145935,0.4568848523937817
62.0,CH1,11.0,PAAH,C2,21.0,0.0,13.019,0.3795573184374758,0.5633841054344606
63.0,C,11.0,PAAH,CA,22.0,0.33,12.011,1.1096227362807893,0.40197378340715373
64.0,O,11.0,PAAH,O1,22.0,-0.45,15.9994,5.1164340885529604,0.3098068746885805
65.0,OA,11.0,PAAH,O2,22.0,-0.288,15.9994,3.398429448089648,0.33166978165716365
66.0,H,11.0,PAAH,HA,22.0,0.408,1.008,0.0,0.0
67.0,CH2,12.0,PAAH,C1,23.0,0.0,14.027,1.6421694243145935,0.4568848523937817
68.0,CH1,12.0,PAAH,C2,23.0,0.0,13.019,0.3795573184374758,0.5633841054344606
69.0,C,12.0,PAAH,CA,24.0,0.33,12.011,1.1096227362807893,0.40197378340715373
70.0,O,12.0,PAAH,O1,24.0,-0.45,15.9994,5.1164340885529604,0.3098068746885805
71.0,OA,12.0,PAAH,O2,24.0,-0.288,15.9994,3.398429448089648,0.33166978165716365
72.0,H,12.0,PAAH,HA,24.0,0.408,1.008,0.0,0.0
73.0,CH2,13.0,PAAH,C1,25.0,0.0,14.027,1.6421694243145935,0.4568848523937817
74.0,CH1,13.0,PAAH,C2,25.0,0.0,13.019,0.3795573184374758,0.5633841054344606
75.0,C,13.0,PAAH,CA,26.0,0.33,12.011,1.1096227362807893,0.40197378340715373
76.0,O,13.0,PAAH,O1,26.0,-0.45,15.9994,5.1164340885529604,0.3098068746885805
77.0,OA,13.0,PAAH,O2,26.0,-0.288,15.9994,3.398429448089648,0.33166978165716365
78.0,H,13.0,PAAH,HA,26.0,0.408,1.008,0.0,0.0
79.0,CH2,14.0,PAAH,C1,27.0,0.0,14.027,1.6421694243145935,0.4568848523937817
80.0,CH1,14.0,PAAH,C2,27.0,0.0,13.019,0.3795573184374758,0.5633841054344606
81.0,C,14.0,PAAH,CA,28.0,0.33,12.011,1.1096227362807893,0.40197378340715373
82.0,O,14.0,PAAH,O1,28.0,-0.45,15.9994,5.1164340885529604,0.3098068746885805
83.0,OA,14.0,PAAH,O2,28.0,-0.288,15.9994,3.398429448089648,0.33166978165716365
84.0,H,14.0,PAAH,HA,28.0,0.408,1.008,0.0,0.0
85.0,CH2,15.0,PAAH,C1,29.0,0.0,14.027,1.6421694243145935,0.4568848523937817
86.0,CH1,15.0,PAAH,C2,29.0,0.0,13.019,0.3795573184374758,0.5633841054344606
87.0,C,15.0,PAAH,CA,30.0,0.33,12.011,1.1096227362807893,0.40197378340715373
88.0,O,15.0,PAAH,O1,30.0,-0.45,15.9994,5.1164340885529604,0.3098068746885805
89.0,OA,15.0,PAAH,O2,30.0,-0.288,15.9994,3.398429448089648,0.33166978165716365
90.0,H,15.0,PAAH,HA,30.0,0.408,1.008,0.0,0.0
91.0,CH2,16.0,PAAH,C1,31.0,0.0,14.027,1.6421694243145935,0.4568848523937817
92.0,CH1,16.0,PAAH,C2,31.0,0.0,13.019,0.3795573184374758,0.5633841054344606
93.0,C,16.0,PAAH,CA,32.0,0.33,12.011,1.1096227362807893,0.40197378340715373
94.0,O,16.0,PAAH,O1,32.0,-0.45,15.9994,5.1164340885529604,0.3098068746885805
95.0,OA,16.0,PAAH,O2,32.0,-0.288,15.9994,3.398429448089648,0.33166978165716365
96.0,H,16.0,PAAH,HA,32.0,0.408,1.008,0.0,0.0
97.0,CH2,17.0,PAAH,C1,33.0,0.0,14.027,1.6421694243145935,0.4568848523937817
98.0,CH1,17.0,PAAH,C2,33.0,0.0,13.019,0.3795573184374758,0.5633841054344606
99.0,C,17.0,PAAH,CA,34.0,0.33,12.011,1.1096227362807893,0.40197378340715373
100.0,O,17.0,PAAH,O1,34.0,-0.45,15.9994,5.1164340885529604,0.3098068746885805
101.0,OA,17.0,PAAH,O2,34.0,-0.288,15.9994,3.398429448089648,0.33166978165716365
102.0,H,17.0,PAAH,HA,34.0,0.408,1.008,0.0,0.0
103.0,CH2,18.0,PAAH,C1,35.0,0.0,14.027,1.6421694243145935,0.4568848523937817
104.0,CH1,18.0,PAAH,C2,35.0,0.0,13.019,0.3795573184374758,0.5633841054344606
105.0,C,18.0,PAAH,CA,36.0,0.33,12.011,1.1096227362807893,0.40197378340715373
106.0,O,18.0,PAAH,O1,36.0,-0.45,15.9994,5.1164340885529604,0.3098068746885805
107.0,OA,18.0,PAAH,O2,36.0,-0.288,15.9994,3.398429448089648,0.33166978165716365
108.0,H,18.0,PAAH,HA,36.0,0.408,1.008,0.0,0.0
109.0,CH2,19.0,PAAH,C1,37.0,0.0,14.027,1.6421694243145935,0.4568848523937817
110.0,CH1,19.0,PAAH,C2,37.0,0.0,13.019,0.3795573184374758,0.5633841054344606
111.0,C,19.0,PAAH,CA,38.0,0.33,12.011,1.1096227362807893,0.40197378340715373
112.0,O,19.0,PAAH,O1,38.0,-0.45,15.9994,5.1164340885529604,0.3098068746885805
113.0,OA,19.0,PAAH,O2,38.0,-0.288,15.9994,3.398429448089648,0.33166978165716365
114.0,H,19.0,PAAH,HA,38.0,0.408,1.008,0.0,0.0
115.0,CH2,20.0,PAAH,C1,39.0,0.0,14.027,1.6421694243145935,0.4568848523937817
116.0,CH1,20.0,PAAH,C2,39.0,0.0,13.019,0.3795573184374758,0.5633841054344606
117.0,C,20.0,PAAH,CA,40.0,0.33,12.011,1.1096227362807893,0.40197378340715373
118.0,O,20.0,PAAH,O1,40.0,-0.45,15.9994,5.1164340885529604,0.3098068746885805
119.0,OA,20.0,PAAH,O2,40.0,-0.288,15.9994,3.398429448089648,0.33166978165716365
120.0,H,20.0,PAAH,HA,40.0,0.408,1.008,0.0,0.0
121.0,CH2,21.0,PAAH,C1,41.0,0.0,14.027,1.6421694243145935,0.4568848523937817
122.0,CH1,21.0,PAAH,C2,41.0,0.0,13.019,0.3795573184374758,0.5633841054344606
123.0,C,21.0,PAAH,CA,42.0,0.33,12.011,1.1096227362807893,0.40197378340715373
124.0,O,21.0,PAAH,O1,42.0,-0.45,15.9994,5.1164340885529604,0.3098068746885805
125.0,OA,21.0,PAAH,O2,42.0,-0.288,15.9994,3.398429448089648,0.33166978165716365
126.0,H,21.0,PAAH,HA,42.0,0.408,1.008,0.0,0.0
127.0,CH2,22.0,PAAH,C1,43.0,0.0,14.027,1.6421694243145935,0.4568848523937817
128.0,CH1,22.0,PAAH,C2,43.0,0.0,13.019,0.3795573184374758,0.5633841054344606
129.0,C,22.0,PAAH,CA,44.0,0.33,12.011,1.1096227362807893,0.40197378340715373
130.0,O,22.0,PAAH,O1,44.0,-0.45,15.9994,5.1164340885529604,0.3098068746885805
131.0,OA,22.0,PAAH,O2,44.0,-0.288,15.9994,3.398429448089648,0.33166978165716365
132.0,H,22.0,PAAH,HA,44.0,0.408,1.008,0.0,0.0
133.0,CH2,23.0,PAAH,C1,45.0,0.0,14.027,1.6421694243145935,0.4568848523937817
134.0,CH1,23.0,PAAH,C2,45.0,0.0,13.019,0.3795573184374758,0.5633841054344606
135.0,C,23.0,PAAH,CA,46.0,0.33,12.011,1.1096227362807893,0.40197378340715373
136.0,O,23.0,PAAH,O1,46.0,-0.45,15.9994,5.1164340885529604,0.3098068746885805
137.0,OA,23.0,PAAH,O2,46.0,-0.288,15.9994,3.398429448089648,0.33166978165716365
138.0,H,23.0,PAAH,HA,46.0,0.408,1.008,0.0,0.0
139.0,CH2,24.0,PAAH,C1,47.0,0.0,14.027,1.6421694243145935,0.4568848523937817
140.0,CH1,24.0,PAAH,C2,47.0,0.0,13.019,0.3795573184374758,0.5633841054344606
141.0,C,24.0,PAAH,CA,48.0,0.33,12.011,1.1096227362807893,0.40197378340715373
142.0,O,24.0,PAAH,O1,48.0,-0.45,15.9994,5.1164340885529604,0.3098068746885805
143.0,OA,24.0,PAAH,O2,48.0,-0.288,15.9994,3.398429448089648,0.33166978165716365
144.0,H,24.0,PAAH,HA,48.0,0.408,1.008,0.0,0.0
145.0,CH2,25.0,PAAH,C1,49.0,0.0,14.027,1.6421694243145935,0.4568848523937817
146.0,CH1,25.0,PAAH,C2,49.0,0.0,13.019,0.3795573184374758,0.5633841054344606
147.0,C,25.0,PAAH,CA,50.0,0.33,12.011,1.1096227362807893,0.40197378340715373
148.0,O,25.0,PAAH,O1,50.0,-0.45,15.9994,5.1164340885529604,0.3098068746885805
149.0,OA,25.0,PAAH,O2,50.0,-0.288,15.9994,3.398429448089648,0.33166978165716365
150.0,H,25.0,PAAH,HA,50.0,0.408,1.008,0.0,0.0
151.0,CH2,26.0,PAAH,C1,51.0,0.0,14.027,1.6421694243145935,0.4568848523937817
152.0,CH1,26.0,PAAH,C2,51.0,0.0,13.019,0.3795573184374758,0.5633841054344606
153.0,C,26.0,PAAH,CA,52.0,0.33,12.011,1.1096227362807893,0.40197378340715373
154.0,O,26.0,PAAH,O1,52.0,-0.45,15.9994,5.1164340885529604,0.3098068746885805
155.0,OA,26.0,PAAH,O2,52.0,-0.288,15.9994,3.398429448089648,0.33166978165716365
156.0,H,26.0,PAAH,HA,52.0,0.408,1.008,0.0,0.0
157.0,CH2,27.0,PAAH,C1,53.0,0.0,14.027,1.6421694243145935,0.4568848523937817
158.0,CH1,27.0,PAAH,C2,53.0,0.0,13.019,0.3795573184374758,0.5633841054344606
159.0,C,27.0,PAAH,CA,54.0,0.33,12.011,1.1096227362807893,0.40197378340715373
160.0,O,27.0,PAAH,O1,54.0,-0.45,15.9994,5.1164340885529604,0.3098068746885805
161.0,OA,27.0,PAAH,O2,54.0,-0.288,15.9994,3.398429448089648,0.33166978165716365
162.0,H,27.0,PAAH,HA,54.0,0.408,1.008,0.0,0.0
163.0,CH2,28.0,PAAH,C1,55.0,0.0,14.027,1.6421694243145935,0.4568848523937817
164.0,CH1,28.0,PAAH,C2,55.0,0.0,13.019,0.3795573184374758,0.5633841054344606
165.0,C,28.0,PAAH,CA,56.0,0.33,12.011,1.1096227362807893,0.40197378340715373
166.0,O,28.0,PAAH,O1,56.0,-0.45,15.9994,5.1164340885529604,0.3098068746885805
167.0,OA,28.0,PAAH,O2,56.0,-0.288,15.9994,3.398429448089648,0.33166978165716365
168.0,H,28.0,PAAH,HA,56.0,0.408,1.008,0.0,0.0
169.0,CH2,29.0,PAAH,C1,57.0,0.0,14.027,1.6421694243145935,0.4568848523937817
170.0,CH1,29.0,PAAH,C2,57.0,0.0,13.019,0.3795573184374758,0.5633841054344606
171.0,C,29.0,PAAH,CA,58.0,0.33,12.011,1.1096227362807893,0.40197378340715373
172.0,O,29.0,PAAH,O1,58.0,-0.45,15.9994,5.1164340885529604,0.3098068746885805
173.0,OA,29.0,PAAH,O2,58.0,-0.288,15.9994,3.398429448089648,0.33166978165716365
174.0,H,29.0,PAAH,HA,58.0,0.408,1.008,0.0,0.0
175.0,CH2,30.0,PAHe,C1,59.0,0.0,14.027,1.6421694243145935,0.4568848523937817
176.0,CH2,30.0,PAHe,C2,59.0,0.0,14.027,1.6421694243145935,0.4568848523937817
177.0,C,30.0,PAHe,CA,60.0,0.33,12.011,1.1096227362807893,0.40197378340715373
178.0,O,30.0,PAHe,O1,60.0,-0.45,15.9994,5.1164340885529604,0.3098068746885805
179.0,OA,30.0,PAHe,O2,60.0,-0.288,15.9994,3.398429448089648,0.33166978165716365
180.0,H,30.0,PAHe,HA,60.0,0.408,1.008,0.0,0.0
