residue,atom,charge,radius,epsilon
PAHb,C1,0.0,0.42068962343500255,3.468601372448824
PAHb,C2,0.0,0.5633841054344606,0.3795573184374758
PAHb,CA,0.33,0.40197378340715373,1.1096227362807893
PAHb,O1,-0.45,0.3098068746885805,5.1164340885529604
PAHb,O2,-0.288,0.33166978165716365,3.398429448089648
PAHb,HA,0.408,0.0,0.0
PAAH,C1,0.0,0.4568848523937817,1.6421694243145935
PAAH,C2,0.0,0.5633841054344606,0.3795573184374758
PAAH,CA,0.33,0.40197378340715373,1.1096227362807893
PAAH,O1,-0.45,0.3098068746885805,5.1164340885529604
PAAH,O2,-0.288,0.33166978165716365,3.398429448089648
PAAH,HA,0.408,0.0,0.0
PAAH,C1,0.0,0.4568848523937817,1.6421694243145935
PAAH,C2,0.0,0.5633841054344606,0.3795573184374758
PAAH,CA,0.33,0.40197378340715373,1.1096227362807893
PAAH,O1,-0.45,0.3098068746885805,5.1164340885529604
PAAH,O2,-0.288,0.33166978165716365,3.398429448089648
PAAH,HA,0.408,0.0,0.0
PAAH,C1,0.0,0.4568848523937817,1.6421694243145935
PAAH,C2,0.0,0.5633841054344606,0.3795573184374758
PAAH,CA,0.33,0.40197378340715373,1.1096227362807893
PAAH,O1,-0.45,0.3098068746885805,5.1164340885529604
PAAH,O2,-0.288,0.33166978165716365,3.398429448089648
PAAH,HA,0.408,0.0,0.0
PAAH,C1,0.0,0.4568848523937817,1.6421694243145935
PAAH,C2,0.0,0.5633841054344606,0.3795573184374758
PAAH,CA,0.33,0.40197378340715373,1.1096227362807893
PAAH,O1,-0.45,0.3098068746885805,5.1164340885529604
PAAH,O2,-0.288,0.33166978165716365,3.398429448089648
PAAH,HA,0.408,0.0,0.0
PAAH,C1,0.0,0.4568848523937817,1.6421694243145935
PAAH,C2,0.0,0.5633841054344606,0.3795573184374758
PAAH,CA,0.33,0.40197378340715373,1.1096227362807893
PAAH,O1,-0.45,0.3098068746885805,5.1164340885529604
PAAH,O2,-0.288,0.33166978165716365,3.398429448089648
PAAH,HA,0.408,0.0,0.0
PAAH,C1,0.0,0.4568848523937817,1.6421694243145935
PAAH,C2,0.0,0.5633841054344606,0.3795573184374758
PAAH,CA,0.33,0.40197378340715373,1.1096227362807893
PAAH,O1,-0.45,0.3098068746885805,5.1164340885529604
PAAH,O2,-0.288,0.33166978165716365,3.398429448089648
PAAH,HA,0.408,0.0,0.0
PAAH,C1,0.0,0.4568848523937817,1.6421694243145935
PAAH,C2,0.0,0.5633841054344606,0.3795573184374758
PAAH,CA,0.33,0.40197378340715373,1.1096227362807893
PAAH,O1,-0.45,0.3098068746885805,5.1164340885529604
PAAH,O2,-0.288,0.33166978165716365,3.398429448089648
PAAH,HA,0.408,0.0,0.0
PAAH,C1,0.0,0.4568848523937817,1.6421694243145935
PAAH,C2,0.0,0.5633841054344606,0.3795573184374758
PAAH,CA,0.33,0.40197378340715373,1.1096227362807893
PAAH,O1,-0.45,0.3098068746885805,5.1164340885529604
PAAH,O2,-0.288,0.33166978165716365,3.398429448089648
PAAH,HA,0.408,0.0,0.0
PAAH,C1,0.0,0.4568848523937817,1.6421694243145935
PAAH,C2,0.0,0.5633841054344606,0.3795573184374758
PAAH,CA,0.33,0.40197378340715373,1.1096227362807893
PAAH,O1,-0.45,0.3098068746885805,5.1164340885529604
PAAH,O2,-0.288,0.33166978165716365,3.398429448089648
PAAH,HA,0.408,0.0,0.0
PAAH,C1,0.0,0.4568848523937817,1.6421694243145935
PAAH,C2,0.0,0.5633841054344606,0.3795573184374758
PAAH,CA,0.33,0.40197378340715373,1.1096227362807893
PAAH,O1,-0.45,0.3098068746885805,5.1164340885529604
PAAH,O2,-0.288,0.33166978165716365,3.398429448089648
PAAH,HA,0.408,0.0,0.0
PAAH,C1,0.0,0.4568848523937817,1.6421694243145935
PAAH,C2,0.0,0.5633841054344606,0.3795573184374758
PAAH,CA,0.33,0.40197378340715373,1.1096227362807893
PAAH,O1,-0.45,0.3098068746885805,5.1164340885529604
PAAH,O2,-0.288,0.33166978165716365,3.398429448089648
PAAH,HA,0.408,0.0,0.0
PAAH,C1,0.0,0.4568848523937817,1.6421694243145935
PAAH,C2,0.0,0.5633841054344606,0.3795573184374758
PAAH,CA,0.33,0.40197378340715373,1.1096227362807893
PAAH,O1,-0.45,0.3098068746885805,5.1164340885529604
PAAH,O2,-0.288,0.33166978165716365,3.398429448089648
PAAH,HA,0.408,0.0,0.0
PAAH,C1,0.0,0.4568848523937817,1.6421694243145935
PAAH,C2,0.0,0.5633841054344606,0.3795573184374758
PAAH,CA,0.33,0.40197378340715373,1.1096227362807893
PAAH,O1,-0.45,0.3098068746885805,5.1164340885529604
PAAH,O2,-0.288,0.33166978165716365,3.398429448089648
PAAH,HA,0.408,0.0,0.0
PAAH,C1,0.0,0.4568848523937817,1.6421694243145935
PAAH,C2,0.0,0.5633841054344606,0.3795573184374758
PAAH,CA,0.33,0.40197378340715373,1.1096227362807893
PAAH,O1,-0.45,0.3098068746885805,5.1164340885529604
PAAH,O2,-0.288,0.33166978165716365,3.398429448089648
PAAH,HA,0.408,0.0,0.0
PAAH,C1,0.0,0.4568848523937817,1.6421694243145935
PAAH,C2,0.0,0.5633841054344606,0.3795573184374758
PAAH,CA,0.33,0.40197378340715373,1.1096227362807893
PAAH,O1,-0.45,0.3098068746885805,5.1164340885529604
PAAH,O2,-0.288,0.33166978165716365,3.398429448089648
PAAH,HA,0.408,0.0,0.0
PAAH,C1,0.0,0.4568848523937817,1.6421694243145935
PAAH,C2,0.0,0.5633841054344606,0.3795573184374758
PAAH,CA,0.33,0.40197378340715373,1.1096227362807893
PAAH,O1,-0.45,0.3098068746885805,5.1164340885529604
PAAH,O2,-0.288,0.33166978165716365,3.398429448089648
PAAH,HA,0.408,0.0,0.0
PAAH,C1,0.0,0.4568848523937817,1.6421694243145935
PAAH,C2,0.0,0.5633841054344606,0.3795573184374758
PAAH,CA,0.33,0.40197378340715373,1.1096227362807893
PAAH,O1,-0.45,0.3098068746885805,5.1164340885529604
PAAH,O2,-0.288,0.33166978165716365,3.398429448089648
PAAH,HA,0.408,0.0,0.0
PAAH,C1,0.0,0.4568848523937817,1.6421694243145935
PAAH,C2,0.0,0.5633841054344606,0.3795573184374758
PAAH,CA,0.33,0.40197378340715373,1.1096227362807893
PAAH,O1,-0.45,0.3098068746885805,5.1164340885529604
PAAH,O2,-0.288,0.33166978165716365,3.398429448089648
PAAH,HA,0.408,0.0,0.0
PAAH,C1,0.0,0.4568848523937817,1.6421694243145935
PAAH,C2,0.0,0.5633841054344606,0.3795573184374758
PAAH,CA,0.33,0.40197378340715373,1.1096227362807893
PAAH,O1,-0.45,0.3098068746885805,5.1164340885529604
PAAH,O2,-0.288,0.33166978165716365,3.398429448089648
PAAH,HA,0.408,0.0,0.0
PAAH,C1,0.0,0.4568848523937817,1.6421694243145935
PAAH,C2,0.0,0.5633841054344606,0.3795573184374758
PAAH,CA,0.33,0.40197378340715373,1.1096227362807893
PAAH,O1,-0.45,0.3098068746885805,5.1164340885529604
PAAH,O2,-0.288,0.33166978165716365,3.398429448089648
PAAH,HA,0.408,0.0,0.0
PAAH,C1,0.0,0.4568848523937817,1.6421694243145935
PAAH,C2,0.0,0.5633841054344606,0.3795573184374758
PAAH,CA,0.33,0.40197378340715373,1.1096227362807893
PAAH,O1,-0.45,0.3098068746885805,5.1164340885529604
PAAH,O2,-0.288,0.33166978165716365,3.398429448089648
PAAH,HA,0.408,0.0,0.0
PAAH,C1,0.0,0.4568848523937817,1.6421694243145935
PAAH,C2,0.0,0.5633841054344606,0.3795573184374758
PAAH,CA,0.33,0.40197378340715373,1.1096227362807893
PAAH,O1,-0.45,0.3098068746885805,5.1164340885529604
PAAH,O2,-0.288,0.33166978165716365,3.398429448089648
PAAH,HA,0.408,0.0,0.0
PAAH,C1,0.0,0.4568848523937817,1.6421694243145935
PAAH,C2,0.0,0.5633841054344606,0.3795573184374758
PAAH,CA,0.33,0.40197378340715373,1.1096227362807893
PAAH,O1,-0.45,0.3098068746885805,5.1164340885529604
PAAH,O2,-0.288,0.33166978165716365,3.398429448089648
PAAH,HA,0.408,0.0,0.0
PAAH,C1,0.0,0.4568848523937817,1.6421694243145935
PAAH,C2,0.0,0.5633841054344606,0.3795573184374758
PAAH,CA,0.33,0.40197378340715373,1.1096227362807893
PAAH,O1,-0.45,0.3098068746885805,5.1164340885529604
PAAH,O2,-0.288,0.33166978165716365,3.398429448089648
PAAH,HA,0.408,0.0,0.0
PAAH,C1,0.0,0.4568848523937817,1.6421694243145935
PAAH,C2,0.0,0.5633841054344606,0.3795573184374758
PAAH,CA,0.33,0.40197378340715373,1.1096227362807893
PAAH,O1,-0.45,0.3098068746885805,5.1164340885529604
PAAH,O2,-0.288,0.33166978165716365,3.398429448089648
PAAH,HA,0.408,0.0,0.0
PAAH,C1,0.0,0.4568848523937817,1.6421694243145935
PAAH,C2,0.0,0.5633841054344606,0.3795573184374758
PAAH,CA,0.33,0.40197378340715373,1.1096227362807893
PAAH,O1,-0.45,0.3098068746885805,5.1164340885529604
PAAH,O2,-0.288,0.33166978165716365,3.398429448089648
PAAH,HA,0.408,0.0,0.0
PAAH,C1,0.0,0.4568848523937817,1.6421694243145935
PAAH,C2,0.0,0.5633841054344606,0.3795573184374758
PAAH,CA,0.33,0.40197378340715373,1.1096227362807893
PAAH,O1,-0.45,0.3098068746885805,5.1164340885529604
PAAH,O2,-0.288,0.33166978165716365,3.398429448089648
PAAH,HA,0.408,0.0,0.0
PAAH,C1,0.0,0.4568848523937817,1.6421694243145935
PAAH,C2,0.0,0.5633841054344606,0.3795573184374758
PAAH,CA,0.33,0.40197378340715373,1.1096227362807893
PAAH,O1,-0.45,0.3098068746885805,5.1164340885529604
PAAH,O2,-0.288,0.33166978165716365,3.398429448089648
PAAH,HA,0.408,0.0,0.0
PAHe,C1,0.0,0.4568848523937817,1.6421694243145935
PAHe,C2,0.0,0.4568848523937817,1.6421694243145935
PAHe,CA,0.33,0.40197378340715373,1.1096227362807893
PAHe,O1,-0.45,0.3098068746885805,5.1164340885529604
PAHe,O2,-0.288,0.33166978165716365,3.398429448089648
PAHe,HA,0.408,0.0,0.0
